Issue_ID,Project_ID,Sprint_ID,Assignee_ID,Creation_Date
68,1,NULL,71,"2017-03-21 16:54:44"
82,1,NULL,71,"2016-03-03 13:22:15"
85,1,NULL,82,"2016-02-24 10:51:02"
86,1,NULL,82,"2016-02-23 18:31:38"
87,1,NULL,82,"2016-02-23 18:18:48"
88,1,NULL,82,"2016-02-23 18:04:09"
89,1,1,82,"2016-02-22 15:27:31"
90,1,1,88,"2016-02-17 14:28:31"
91,1,1,89,"2016-02-16 14:59:06"
93,1,1,91,"2016-02-11 17:45:54"
94,1,2,82,"2016-02-05 16:01:49"
95,1,1,89,"2016-02-03 09:40:06"
96,1,2,93,"2016-02-02 17:52:11"
97,1,2,82,"2016-02-01 19:00:42"
99,1,2,82,"2016-01-15 19:55:41"
100,1,2,82,"2016-01-14 13:10:10"
102,1,2,82,"2016-01-13 15:17:04"
108,1,3,82,"2015-12-17 18:11:37"
112,1,2,93,"2015-12-14 18:40:55"
115,1,NULL,104,"2015-12-08 14:19:48"
117,1,2,82,"2015-12-02 23:15:01"
118,1,4,94,"2015-11-30 15:11:45"
119,1,4,71,"2015-11-30 14:33:01"
120,1,NULL,84,"2015-11-27 13:11:27"
123,1,NULL,84,"2015-11-24 13:59:57"
124,1,4,82,"2015-11-21 16:59:25"
125,1,5,107,"2015-11-16 19:16:45"
126,1,NULL,93,"2015-11-15 21:52:20"
127,1,NULL,94,"2015-11-12 17:17:26"
128,1,6,82,"2015-11-12 15:57:59"
131,1,5,104,"2015-11-11 16:48:35"
132,1,6,82,"2015-11-11 15:44:36"
134,1,6,94,"2015-11-09 22:58:04"
135,1,6,93,"2015-11-09 20:58:14"
136,1,5,82,"2015-11-09 16:32:05"
137,1,5,82,"2015-11-09 16:25:20"
138,1,6,84,"2015-11-09 16:24:29"
140,1,6,82,"2015-11-06 16:15:53"
141,1,5,71,"2015-11-06 16:09:22"
142,1,5,93,"2015-11-06 02:14:49"
143,1,5,84,"2015-11-05 21:23:45"
144,1,6,108,"2015-11-05 14:03:34"
146,1,6,108,"2015-11-04 16:37:10"
148,1,6,93,"2015-11-02 20:54:40"
149,1,6,107,"2015-11-02 19:30:31"
150,1,6,108,"2015-11-02 19:27:53"
153,1,NULL,94,"2015-11-02 17:23:17"
159,1,NULL,110,"2015-11-02 17:12:58"
160,1,5,104,"2015-11-02 16:59:41"
161,1,4,94,"2015-11-02 15:34:40"
163,1,6,108,"2015-10-30 23:49:41"
164,1,5,78,"2015-10-30 23:17:51"
171,1,NULL,93,"2015-10-30 22:47:27"
173,1,NULL,110,"2015-10-30 22:42:14"
178,1,7,93,"2015-10-29 14:57:47"
179,1,7,108,"2015-10-29 14:47:36"
181,1,5,112,"2015-10-28 18:46:21"
182,1,NULL,84,"2015-10-28 17:47:23"
185,1,7,93,"2015-10-27 18:44:47"
188,1,6,72,"2015-10-27 02:57:42"
189,1,7,103,"2015-10-26 18:54:06"
192,1,7,82,"2015-10-23 15:14:05"
196,1,7,82,"2015-10-21 22:54:38"
197,1,7,103,"2015-10-21 22:53:02"
198,1,NULL,72,"2015-10-21 22:41:10"
200,1,7,94,"2015-10-19 23:31:37"
201,1,7,72,"2015-10-19 23:29:26"
204,1,NULL,71,"2015-10-19 17:50:50"
205,1,NULL,71,"2015-10-19 17:47:59"
206,1,7,72,"2015-10-19 17:02:06"
207,1,NULL,112,"2015-10-19 16:45:44"
208,1,NULL,112,"2015-10-19 16:42:59"
209,1,NULL,110,"2015-10-19 15:11:33"
211,1,7,82,"2015-10-18 15:48:21"
212,1,6,104,"2015-10-16 17:44:02"
214,1,7,71,"2015-10-15 00:26:04"
215,1,NULL,94,"2015-10-15 00:21:49"
216,1,8,84,"2015-10-14 15:51:41"
217,1,NULL,91,"2015-10-14 12:12:10"
220,1,NULL,104,"2015-10-13 15:56:07"
223,1,5,104,"2015-10-13 02:04:45"
229,1,NULL,93,"2015-10-08 22:36:54"
230,1,8,103,"2015-10-07 21:51:09"
231,1,8,82,"2015-10-07 20:58:48"
232,1,7,91,"2015-10-07 18:50:58"
235,1,7,82,"2015-10-07 16:02:04"
236,1,8,104,"2015-10-06 16:46:36"
237,1,8,110,"2015-10-06 15:58:54"
238,1,8,110,"2015-10-06 15:42:48"
239,1,8,110,"2015-10-05 23:45:31"
240,1,7,94,"2015-10-05 23:38:14"
251,1,7,94,"2015-10-05 15:52:19"
252,1,8,110,"2015-10-05 15:40:18"
253,1,NULL,84,"2015-10-05 15:01:03"
257,1,7,93,"2015-10-02 23:48:57"
258,1,7,93,"2015-10-02 23:45:12"
259,1,7,93,"2015-10-02 23:43:06"
260,1,7,93,"2015-10-02 23:42:00"
261,1,NULL,94,"2015-10-02 23:04:06"
262,1,6,84,"2015-10-02 18:55:15"
