Project_ID,Sprint_ID,team_member_count,experienced_member_count,experienced_member_share,avg_prior_task_count,min_prior_task_count,max_prior_task_count
1,5,8,8,1.0000,105.3750,17,202
1,6,8,8,1.0000,179.5000,36,340
1,7,10,10,1.0000,170.6000,6,348
1,8,9,9,1.0000,124.7778,16,263
1,9,10,9,0.9000,190.0000,4,345
1,10,10,8,0.8000,153.9000,0,343
1,11,10,10,1.0000,178.4000,32,338
1,12,10,10,1.0000,162.2000,17,332
1,13,9,8,0.8889,120.0000,0,250
1,14,12,12,1.0000,169.0000,35,328
1,15,10,10,1.0000,179.7000,30,326
1,16,11,10,0.9091,154.6364,0,321
1,17,12,12,1.0000,155.6667,26,314
1,18,15,14,0.9333,121.2667,0,305
1,19,9,9,1.0000,192.8889,105,303
1,20,12,12,1.0000,111.9167,12,257
1,21,11,11,1.0000,154.5455,23,294
1,22,9,9,1.0000,162.5556,32,288
1,23,9,9,1.0000,148.0000,18,285
1,24,11,11,1.0000,154.9091,44,282
1,26,11,11,1.0000,139.0000,9,275
1,27,11,11,1.0000,144.0909,29,271
1,28,10,10,1.0000,141.9000,28,269
1,29,10,10,1.0000,148.5000,53,269
1,30,14,13,0.9286,104.4286,2,258
1,31,13,11,0.8462,104.3846,1,259
1,32,5,4,0.8000,105.6000,4,257
1,33,5,4,0.8000,162.4000,2,252
1,35,11,11,1.0000,116.1818,9,232
1,36,12,11,0.9167,102.4167,0,219
1,37,15,14,0.9333,81.5333,2,207
1,38,8,8,1.0000,122.3750,28,209
1,39,10,10,1.0000,94.3000,24,200
1,40,14,13,0.9286,75.4286,4,184
1,41,9,9,1.0000,99.7778,13,184
1,42,11,10,0.9091,90.2727,4,168
1,43,14,12,0.8571,68.2857,0,157
1,44,10,9,0.9000,78.4000,3,155
1,45,8,8,1.0000,89.2500,51,146
1,46,9,9,1.0000,74.4444,17,132
1,47,10,10,1.0000,70.0000,16,129
1,48,12,11,0.9167,55.9167,1,109
1,49,10,10,1.0000,54.4000,11,95
1,50,8,8,1.0000,59.8750,27,88
1,51,13,12,0.9231,43.6923,2,83
1,52,8,8,1.0000,48.7500,27,68
1,53,9,7,0.7778,34.6667,0,60
1,54,9,9,1.0000,43.5556,22,59
1,55,13,12,0.9231,26.6923,4,50
1,56,9,8,0.8889,24.6667,0,43
1,57,12,12,1.0000,23.9167,6,49
1,58,7,7,1.0000,22.0000,7,34
1,59,9,7,0.7778,16.8889,3,33
1,60,7,6,0.8571,15.5714,2,30
1,61,10,8,0.8000,13.6000,1,35
3,159,3,3,1.0000,132.0000,10,368
3,163,3,3,1.0000,128.6667,10,357
3,166,3,3,1.0000,129.0000,17,352
3,171,4,3,0.7500,121.7500,4,336
3,197,3,2,0.6667,248.6667,3,473
3,210,3,3,1.0000,62.6667,28,122
3,211,4,4,1.0000,75.5000,7,235
3,213,4,4,1.0000,72.7500,13,219
3,214,4,3,0.7500,69.0000,2,215
3,216,7,5,0.7143,239.1429,1,472
3,218,4,4,1.0000,135.7500,26,289
3,220,5,4,0.8000,159.8000,2,325
3,221,4,4,1.0000,117.0000,16,285
3,222,4,4,1.0000,132.7500,18,284
3,223,6,6,1.0000,86.5000,7,281
3,224,6,6,1.0000,224.5000,16,471
3,227,4,4,1.0000,182.5000,10,380
3,229,4,4,1.0000,112.5000,8,274
3,230,8,8,1.0000,141.3750,5,379
3,231,7,7,1.0000,224.2857,13,464
3,233,4,4,1.0000,173.2500,9,316
3,234,4,4,1.0000,185.2500,10,372
3,235,5,4,0.8000,206.8000,2,462
3,236,6,6,1.0000,174.5000,7,368
3,245,6,5,0.8333,237.6667,0,455
3,246,4,4,1.0000,238.0000,57,361
3,247,4,4,1.0000,238.5000,63,361
3,252,4,4,1.0000,250.0000,51,455
3,253,3,3,1.0000,357.0000,263,454
3,255,5,5,1.0000,264.4000,48,449
4,269,3,3,1.0000,133.6667,88,178
4,274,5,5,1.0000,156.6000,23,362
4,323,4,4,1.0000,112.7500,65,164
4,336,4,4,1.0000,100.5000,62,156
4,354,8,8,1.0000,93.6250,48,153
4,358,11,9,0.8182,110.9091,2,329
4,360,9,8,0.8889,92.3333,0,243
4,361,9,9,1.0000,83.3333,43,153
4,362,10,10,1.0000,129.2000,53,323
4,363,8,8,1.0000,97.1250,49,148
4,366,10,7,0.7000,68.6000,0,239
4,369,7,6,0.8571,82.0000,1,148
4,372,8,8,1.0000,136.2500,45,315
4,373,6,6,1.0000,128.5000,59,311
4,374,9,9,1.0000,114.1111,43,310
4,377,9,9,1.0000,63.5556,29,131
4,378,8,8,1.0000,74.6250,26,127
4,379,13,12,0.9231,95.6923,2,236
4,380,14,14,1.0000,81.8571,6,307
4,381,10,10,1.0000,62.0000,21,121
4,382,7,7,1.0000,87.8571,49,119
4,383,9,9,1.0000,60.2222,15,118
4,384,7,7,1.0000,125.7143,47,299
4,385,11,11,1.0000,72.5455,28,116
4,387,11,10,0.9091,73.3636,3,296
4,388,14,13,0.9286,56.9286,4,228
4,389,6,6,1.0000,62.3333,23,104
4,390,6,6,1.0000,47.0000,12,103
4,391,6,6,1.0000,81.5000,11,224
4,392,10,10,1.0000,93.7000,10,290
4,393,13,10,0.7692,65.0000,2,136
4,394,11,11,1.0000,72.7273,5,289
4,395,11,11,1.0000,112.0909,16,354
4,396,14,13,0.9286,104.9286,0,351
4,397,8,8,1.0000,122.7500,50,350
4,399,7,7,1.0000,85.2857,10,214
4,400,10,10,1.0000,59.5000,7,129
4,401,11,11,1.0000,93.9091,10,154
4,402,7,7,1.0000,86.7143,43,142
4,403,6,6,1.0000,93.3333,42,127
4,404,10,10,1.0000,77.9000,9,132
4,405,8,8,1.0000,126.2500,52,260
4,406,9,9,1.0000,147.7778,50,347
4,407,11,10,0.9091,122.4545,0,343
4,408,13,11,0.8462,115.7692,0,338
4,410,7,7,1.0000,130.1429,56,337
4,411,10,10,1.0000,99.8000,54,216
4,412,8,8,1.0000,157.3750,44,332
4,413,13,12,0.9231,89.3077,3,253
4,414,13,11,0.8462,76.9231,0,190
4,415,11,11,1.0000,107.5455,20,331
4,416,16,14,0.8750,71.1250,1,185
4,417,9,9,1.0000,60.1111,7,129
4,418,25,23,0.9200,77.2800,0,322
4,419,12,12,1.0000,75.7500,20,156
4,420,24,22,0.9167,60.0000,1,318
4,421,21,19,0.9048,43.1905,0,128
4,422,17,17,1.0000,57.5882,5,318
4,423,20,18,0.9000,64.4500,2,317
4,424,20,19,0.9500,59.6000,0,315
4,425,17,16,0.9412,70.8824,1,314
4,427,22,22,1.0000,53.3182,5,242
4,428,20,16,0.8000,40.9500,1,239
4,429,12,11,0.9167,36.0833,3,93
4,430,14,14,1.0000,37.1429,8,87
4,432,12,12,1.0000,30.3333,7,78
4,433,15,15,1.0000,28.0667,7,82
4,434,12,12,1.0000,28.4167,8,79
4,436,8,8,1.0000,36.1250,10,79
4,437,5,5,1.0000,150.4000,8,301
4,438,8,8,1.0000,33.0000,9,76
4,440,12,12,1.0000,29.5000,8,75
4,441,5,5,1.0000,149.4000,28,289
4,442,16,15,0.9375,27.5000,0,74
4,443,4,4,1.0000,159.0000,11,285
4,444,20,17,0.8500,23.3000,0,70
4,446,7,5,0.7143,26.0000,2,64
4,447,10,8,0.8000,20.3000,2,50
4,448,6,6,1.0000,117.6667,12,279
4,449,5,4,0.8000,83.0000,3,213
4,450,9,8,0.8889,33.6667,0,102
4,451,7,6,0.8571,98.2857,4,275
4,453,7,6,0.8571,19.1429,0,41
4,459,4,4,1.0000,25.7500,11,37
4,460,5,4,0.8000,116.6000,3,267
4,463,7,6,0.8571,18.8571,2,35
4,464,6,5,0.8333,103.8333,0,263
4,466,5,5,1.0000,82.8000,11,199
4,467,8,8,1.0000,23.8750,5,48
4,468,5,5,1.0000,96.4000,10,258
4,469,6,5,0.8333,106.3333,0,252
4,472,10,9,0.9000,15.1000,0,44
4,474,8,8,1.0000,25.8750,5,98
4,475,6,5,0.8333,101.0000,1,246
4,477,7,6,0.8571,12.8571,4,38
4,478,5,4,0.8000,83.6000,4,245
4,479,5,5,1.0000,118.0000,49,243
4,481,6,5,0.8333,97.5000,0,230
4,482,6,5,0.8333,90.0000,3,230
4,484,6,6,1.0000,100.8333,44,224
4,485,12,10,0.8333,60.6667,3,217
5,494,4,3,0.7500,77.5000,0,122
5,495,4,4,1.0000,75.5000,13,109
5,496,3,3,1.0000,78.6667,58,101
5,497,6,6,1.0000,74.6667,6,109
5,498,4,4,1.0000,77.5000,42,98
5,499,6,6,1.0000,56.3333,6,96
5,500,5,5,1.0000,59.0000,5,94
5,501,5,5,1.0000,74.0000,31,98
5,502,6,5,0.8333,60.3333,3,98
5,503,6,5,0.8333,50.1667,1,96
5,505,6,5,0.8333,33.0000,1,74
5,506,6,6,1.0000,54.3333,11,90
5,507,5,5,1.0000,49.6000,8,85
5,508,3,3,1.0000,69.6667,56,79
5,510,4,4,1.0000,65.2500,55,72
5,511,5,5,1.0000,52.4000,24,70
5,514,7,5,0.7143,26.0000,1,53
5,515,6,5,0.8333,34.1667,1,60
27,2533,5,5,1.0000,80.0000,10,156
27,2534,4,4,1.0000,57.0000,6,121
27,2535,10,5,0.5000,42.7000,0,148
27,2536,7,7,1.0000,71.0000,15,141
27,2537,8,7,0.8750,58.7500,3,138
27,2538,7,7,1.0000,69.0000,7,129
27,2539,10,7,0.7000,54.8000,2,132
27,2540,9,7,0.7778,48.6667,1,127
27,2541,8,6,0.7500,46.2500,0,119
27,2542,12,9,0.7500,40.0000,0,107
27,2543,9,9,1.0000,50.4444,8,82
27,2544,7,7,1.0000,46.2857,21,73
27,2545,6,5,0.8333,40.0000,0,71
27,2546,11,11,1.0000,32.4545,9,62
27,2547,9,9,1.0000,34.7778,14,60
27,2548,11,11,1.0000,33.3636,15,65
27,2549,8,8,1.0000,30.3750,5,56
26,2558,6,4,0.6667,83.3333,0,228
26,2562,9,4,0.4444,55.3333,0,220
26,2571,3,3,1.0000,80.3333,28,129
26,2572,6,4,0.6667,72.8333,0,206
26,2574,4,2,0.5000,48.5000,0,128
26,2584,7,6,0.8571,58.1429,0,191
26,2585,5,5,1.0000,78.4000,10,189
26,2586,5,4,0.8000,51.2000,4,184
26,2588,3,3,1.0000,64.3333,5,174
26,2589,6,5,0.8333,71.3333,4,169
26,2590,6,6,1.0000,82.0000,5,169
26,2592,4,3,0.7500,83.5000,1,163
26,2593,6,5,0.8333,80.6667,1,156
26,2594,6,4,0.6667,52.0000,0,126
26,2596,6,4,0.6667,61.6667,1,135
26,2597,5,4,0.8000,57.6000,1,130
26,2598,10,6,0.6000,41.0000,0,127
26,2599,6,4,0.6667,52.6667,0,127
26,2601,3,3,1.0000,52.6667,11,109
26,2603,6,5,0.8333,59.3333,4,120
26,2604,7,6,0.8571,47.5714,4,112
26,2607,5,4,0.8000,59.0000,3,107
26,2609,4,4,1.0000,65.5000,5,101
26,2615,7,3,0.4286,33.1429,0,95
26,2617,3,2,0.6667,51.6667,0,92
26,2619,4,3,0.7500,49.7500,0,86
26,2620,8,4,0.5000,24.7500,0,81
26,2621,4,4,1.0000,49.2500,23,72
26,2623,5,4,0.8000,35.4000,0,64
26,2624,5,4,0.8000,23.4000,1,52
26,2625,5,3,0.6000,20.4000,0,51
23,2631,5,4,0.8000,70.0000,0,232
23,2635,5,4,0.8000,66.2000,2,211
23,2636,5,4,0.8000,45.4000,1,206
23,2637,3,2,0.6667,82.0000,0,203
23,2642,3,3,1.0000,77.3333,20,175
23,2643,3,3,1.0000,72.3333,17,169
23,2644,4,3,0.7500,52.5000,4,163
23,2645,9,8,0.8889,33.3333,4,151
23,2646,4,3,0.7500,46.2500,4,146
23,2647,4,4,1.0000,45.5000,8,142
23,2648,7,5,0.7143,26.5714,3,138
23,2649,5,3,0.6000,29.2000,2,124
23,2650,6,5,0.8333,25.1667,2,119
23,2663,14,6,0.4286,13.7857,1,86
23,2664,8,7,0.8750,28.8750,2,90
23,2665,15,8,0.5333,16.1333,0,81
23,2666,14,7,0.5000,13.0000,0,83
23,2667,12,9,0.7500,16.9167,0,77
23,2668,11,5,0.4545,16.0000,0,71
25,2678,4,4,1.0000,119.5000,19,296
25,2682,5,5,1.0000,104.0000,19,284
25,2683,5,4,0.8000,86.8000,2,279
25,2688,5,4,0.8000,86.0000,1,255
25,2689,4,4,1.0000,108.0000,26,254
25,2690,3,3,1.0000,120.6667,25,246
25,2693,5,5,1.0000,83.4000,24,236
25,2694,8,7,0.8750,56.0000,1,231
25,2695,5,4,0.8000,76.8000,0,224
25,2697,4,4,1.0000,93.5000,20,214
25,2701,6,6,1.0000,67.1667,18,203
25,2702,4,4,1.0000,79.0000,17,195
25,2703,4,4,1.0000,72.5000,17,191
25,2705,6,6,1.0000,61.1667,13,178
25,2706,10,10,1.0000,52.8000,14,172
25,2707,10,9,0.9000,42.5000,2,170
25,2708,10,10,1.0000,42.8000,8,163
25,2710,8,8,1.0000,38.8750,5,159
25,2712,10,8,0.8000,39.4000,0,148
25,2713,9,8,0.8889,44.4444,2,145
25,2714,9,9,1.0000,46.4444,7,137
25,2715,8,8,1.0000,34.0000,5,133
25,2716,9,8,0.8889,38.5556,4,126
25,2717,6,6,1.0000,39.1667,9,118
25,2718,6,6,1.0000,46.5000,17,115
25,2719,7,6,0.8571,27.0000,0,106
25,2720,5,5,1.0000,84.2000,10,216
25,2723,9,8,0.8889,25.2222,2,97
25,2725,7,5,0.7143,19.0000,3,85
25,2727,8,6,0.7500,23.1250,0,77
25,2728,5,3,0.6000,21.2000,0,70
25,2730,6,5,0.8333,59.6667,3,215
25,2732,3,3,1.0000,58.3333,37,90
25,2734,3,3,1.0000,50.0000,31,80
25,2735,12,10,0.8333,36.4167,2,211
25,2736,5,5,1.0000,68.4000,13,204
25,2738,4,4,1.0000,57.5000,9,197
25,2739,7,5,0.7143,37.0000,0,186
25,2740,5,4,0.8000,42.4000,1,163
25,2741,3,2,0.6667,61.6667,3,153
25,2742,6,4,0.6667,32.3333,0,143
24,2763,4,4,1.0000,28.5000,7,81
24,2765,8,8,1.0000,90.1250,14,242
24,2770,3,3,1.0000,103.6667,31,148
24,2776,4,3,0.7500,25.2500,0,37
24,2779,6,6,1.0000,19.3333,6,35
24,2782,6,3,0.5000,13.5000,0,42
24,2785,8,6,0.7500,10.6250,1,29
24,2787,6,4,0.6667,23.3333,0,67
24,2789,5,5,1.0000,40.8000,14,85
24,2793,6,5,0.8333,14.6667,0,30
24,2795,9,9,1.0000,33.4444,7,76
24,2802,8,6,0.7500,6.8750,0,24
24,2807,11,10,0.9091,11.9091,2,33
24,2815,4,4,1.0000,18.7500,11,34
24,2820,3,3,1.0000,47.6667,15,94
24,2822,8,7,0.8750,17.1250,4,33
24,2830,4,3,0.7500,15.2500,3,27
24,2835,5,2,0.4000,6.4000,0,22
24,2840,4,4,1.0000,31.0000,15,45
24,2843,9,6,0.6667,13.4444,0,33
24,2844,5,4,0.8000,12.0000,4,29
24,2847,5,3,0.6000,11.4000,0,32
24,2850,4,3,0.7500,10.5000,2,29
24,2852,10,6,0.6000,10.9000,0,39
24,2858,4,2,0.5000,9.2500,3,22
24,2869,7,2,0.2857,3.2857,0,10
24,2870,6,4,0.6667,10.6667,0,28
24,2871,5,3,0.6000,9.8000,2,30
24,2879,5,3,0.6000,5.4000,0,13
24,2880,4,3,0.7500,10.7500,2,15
24,2881,9,5,0.5556,6.0000,1,12
28,2895,11,11,1.0000,214.0909,61,877
28,2896,9,9,1.0000,129.7778,13,241
28,2897,6,6,1.0000,139.8333,13,291
28,2898,11,11,1.0000,210.6364,59,867
28,2899,11,11,1.0000,206.6364,56,850
28,2900,7,7,1.0000,267.8571,114,461
28,2901,11,11,1.0000,211.3636,11,791
28,2902,10,10,1.0000,215.7000,54,832
28,2903,9,9,1.0000,208.2222,51,825
28,2905,12,11,0.9167,174.9167,1,817
28,2906,9,9,1.0000,224.8889,30,786
28,2907,9,9,1.0000,205.5556,46,807
28,2908,8,8,1.0000,114.6250,13,236
28,2909,10,10,1.0000,191.8000,44,788
28,2910,9,9,1.0000,221.5556,26,776
28,2911,10,10,1.0000,187.2000,38,775
28,2912,12,12,1.0000,107.9167,10,233
28,2913,11,11,1.0000,174.0000,29,766
28,2915,10,10,1.0000,183.0000,37,757
28,2916,9,8,0.8889,215.3333,3,762
28,2917,11,11,1.0000,165.1818,22,748
28,2918,9,8,0.8889,193.4444,0,756
28,2919,13,13,1.0000,108.8462,5,232
28,2920,11,11,1.0000,160.3636,18,739
28,2921,11,11,1.0000,156.5455,14,736
28,2922,13,11,0.8462,90.5385,2,232
28,2923,8,8,1.0000,231.1250,9,748
28,2924,10,10,1.0000,153.1000,6,729
28,2925,12,11,0.9167,138.1667,3,715
28,2926,7,7,1.0000,256.5714,28,742
28,2927,9,9,1.0000,161.8889,9,711
28,2928,10,10,1.0000,157.7000,9,702
28,2929,9,9,1.0000,154.8889,6,688
28,2931,5,5,1.0000,278.2000,95,452
28,2932,6,6,1.0000,274.6667,46,732
28,2934,7,6,0.8571,175.1429,4,683
28,2935,11,9,0.8182,93.8182,2,229
28,2936,3,3,1.0000,310.6667,113,677
28,2937,7,7,1.0000,233.1429,21,712
28,2939,10,10,1.0000,145.5000,9,664
28,2941,10,10,1.0000,220.8000,44,451
28,2943,6,5,0.8333,172.0000,4,660
28,2944,9,9,1.0000,170.0000,7,495
28,2947,10,10,1.0000,139.3000,15,643
28,2950,8,8,1.0000,164.8750,58,632
28,2951,15,13,0.8667,179.8667,1,700
28,2952,7,7,1.0000,142.7143,19,351
28,2954,8,8,1.0000,160.1250,57,622
28,2956,8,8,1.0000,166.8750,17,614
28,2957,10,10,1.0000,159.7000,16,598
28,2958,6,6,1.0000,105.8333,18,225
28,2959,9,9,1.0000,194.3333,43,448
28,2961,11,11,1.0000,137.2727,8,592
28,2962,5,5,1.0000,133.2000,48,221
28,2964,6,6,1.0000,220.5000,18,683
28,2967,9,9,1.0000,152.1111,25,586
28,2969,9,9,1.0000,119.6667,14,581
28,2972,4,4,1.0000,242.7500,132,452
28,2973,10,10,1.0000,127.9000,13,575
28,2976,9,9,1.0000,106.4444,13,575
28,2977,8,8,1.0000,252.3750,16,666
28,2980,7,7,1.0000,103.8571,46,219
28,2982,6,6,1.0000,164.1667,49,566
28,2987,10,10,1.0000,100.6000,7,551
28,2988,7,7,1.0000,113.8571,36,217
28,2989,7,7,1.0000,213.5714,10,655
28,2990,10,10,1.0000,102.8000,12,539
28,2992,4,4,1.0000,185.2500,34,446
28,2995,11,11,1.0000,94.3636,9,530
28,2996,6,6,1.0000,124.8333,42,209
28,2997,9,9,1.0000,107.0000,7,530
28,3002,9,9,1.0000,196.3333,9,647
28,3003,8,8,1.0000,207.8750,29,444
28,3004,9,9,1.0000,88.7778,17,520
28,3007,11,11,1.0000,81.8182,10,510
28,3009,4,4,1.0000,182.2500,84,408
28,3010,8,8,1.0000,101.0000,32,198
28,3011,5,5,1.0000,191.4000,85,251
28,3012,10,10,1.0000,81.5000,8,497
28,3015,7,7,1.0000,191.8571,82,272
28,3016,5,5,1.0000,121.2000,8,283
28,3018,10,10,1.0000,77.1000,6,487
28,3019,8,8,1.0000,186.5000,24,439
28,3029,9,9,1.0000,81.5556,5,478
28,3030,10,10,1.0000,131.0000,8,535
28,3031,10,9,0.9000,142.9000,2,616
28,3034,10,8,0.8000,67.4000,1,467
28,3035,7,7,1.0000,189.4286,79,271
28,3036,4,4,1.0000,167.2500,70,391
28,3037,9,9,1.0000,133.0000,5,520
28,3039,4,4,1.0000,188.7500,67,385
28,3040,12,10,0.8333,54.1667,0,460
28,3041,5,5,1.0000,229.2000,8,437
28,3042,5,5,1.0000,234.6000,47,613
28,3045,9,5,0.5556,63.4444,0,457
28,3047,7,7,1.0000,187.5714,78,271
28,3049,5,5,1.0000,187.2000,65,331
28,3050,10,9,0.9000,188.0000,2,599
28,3052,7,6,0.8571,76.1429,3,171
28,3056,11,9,0.8182,128.9091,0,586
28,3062,3,3,1.0000,363.3333,254,489
28,3063,7,7,1.0000,153.0000,6,329
28,3065,10,10,1.0000,119.3000,19,491
28,3066,3,3,1.0000,153.3333,46,361
28,3067,4,4,1.0000,162.5000,47,355
28,3068,7,5,0.7143,168.5714,0,569
28,3069,6,6,1.0000,177.0000,70,261
28,3071,3,3,1.0000,144.6667,39,348
28,3072,3,3,1.0000,353.3333,248,478
28,3073,6,5,0.8333,165.6667,3,326
28,3074,8,8,1.0000,122.2500,17,476
28,3075,9,8,0.8889,129.6667,0,445
28,3076,5,5,1.0000,172.0000,39,343
28,3078,5,5,1.0000,184.8000,126,258
28,3079,4,4,1.0000,164.7500,43,337
28,3080,8,7,0.8750,183.1250,0,436
28,3081,9,9,1.0000,99.1111,15,189
28,3082,9,9,1.0000,194.2222,53,565
28,3083,7,7,1.0000,172.8571,64,256
28,3085,7,7,1.0000,151.2857,49,421
28,3086,10,10,1.0000,164.9000,11,560
28,3087,5,5,1.0000,264.6000,12,452
28,3088,6,6,1.0000,229.8333,62,434
28,3089,5,5,1.0000,177.8000,61,251
28,3090,8,8,1.0000,192.2500,34,558
28,3092,8,8,1.0000,129.8750,12,316
28,3093,7,7,1.0000,130.1429,18,446
28,3094,7,7,1.0000,164.5714,54,249
28,3095,10,10,1.0000,172.2000,30,541
28,3096,9,9,1.0000,147.5556,11,431
28,3097,8,8,1.0000,163.5000,8,433
28,3098,3,3,1.0000,280.3333,176,431
28,3099,6,6,1.0000,161.1667,48,243
28,3100,7,7,1.0000,208.2857,44,538
28,3101,8,7,0.8750,158.8750,1,426
28,3102,8,7,0.8750,118.6250,2,429
28,3103,6,6,1.0000,173.3333,102,238
28,3105,7,7,1.0000,200.5714,41,532
28,3106,7,7,1.0000,151.8571,46,235
28,3107,7,7,1.0000,141.5714,23,419
28,3108,8,8,1.0000,154.5000,18,304
28,3110,6,5,0.8333,229.0000,0,410
28,3111,10,10,1.0000,146.5000,34,414
28,3112,11,11,1.0000,98.4545,13,411
28,3113,7,7,1.0000,222.0000,38,527
28,3114,7,7,1.0000,147.2857,45,228
28,3115,9,9,1.0000,102.8889,10,401
28,3116,7,7,1.0000,201.7143,36,525
28,3117,3,3,1.0000,270.6667,153,397
28,3120,10,9,0.9000,136.4000,1,405
28,3121,6,6,1.0000,215.8333,51,523
28,3122,8,8,1.0000,114.0000,5,392
28,3124,7,7,1.0000,177.2857,22,508
28,3125,12,12,1.0000,136.0833,13,506
28,3127,11,11,1.0000,141.1818,12,498
28,3128,7,7,1.0000,106.5714,20,346
28,3129,12,11,0.9167,135.5833,4,484
28,3130,6,6,1.0000,136.0000,41,216
28,3131,6,6,1.0000,147.6667,32,286
28,3132,5,5,1.0000,117.6000,39,177
28,3133,9,9,1.0000,93.0000,18,338
28,3134,7,7,1.0000,207.5714,77,400
28,3135,12,12,1.0000,126.1667,11,469
28,3136,8,8,1.0000,126.0000,38,210
28,3137,9,9,1.0000,93.3333,31,333
28,3138,7,7,1.0000,176.8571,18,399
28,3139,6,6,1.0000,60.0000,13,142
28,3140,10,10,1.0000,143.7000,17,463
28,3141,7,7,1.0000,101.2857,21,166
28,3142,9,9,1.0000,140.3333,14,397
28,3143,14,14,1.0000,85.3571,9,444
28,3145,9,9,1.0000,82.4444,9,324
28,3146,10,10,1.0000,83.3000,14,195
28,3147,12,12,1.0000,106.5000,7,408
28,3148,7,7,1.0000,96.4286,25,309
28,3149,9,9,1.0000,136.4444,11,395
28,3150,9,9,1.0000,97.8889,18,200
28,3151,9,9,1.0000,95.6667,16,199
28,3152,7,7,1.0000,163.8571,10,391
28,3153,11,10,0.9091,111.5455,4,386
28,3154,8,8,1.0000,83.0000,19,299
28,3156,14,13,0.9286,101.6429,2,371
28,3157,9,9,1.0000,87.8889,13,285
28,3158,10,10,1.0000,78.3000,11,261
28,3159,15,15,1.0000,90.9333,9,335
28,3160,9,9,1.0000,85.0000,13,191
28,3161,8,6,0.7500,33.6250,2,107
28,3162,6,6,1.0000,173.1667,22,386
28,3163,13,13,1.0000,89.3077,10,325
28,3164,9,9,1.0000,77.4444,11,255
28,3165,10,10,1.0000,76.3000,13,186
28,3166,8,8,1.0000,82.2500,9,242
28,3167,10,10,1.0000,69.7000,14,151
28,3168,12,12,1.0000,98.5000,5,321
28,3169,6,5,0.8333,100.6667,1,249
28,3170,11,11,1.0000,68.9091,6,130
28,3171,13,11,0.8462,87.3846,1,299
28,3174,13,12,0.9231,86.4615,3,307
28,3176,6,6,1.0000,29.5000,5,83
28,3177,10,9,0.9000,58.3000,4,122
28,3178,8,8,1.0000,73.7500,6,227
28,3179,8,8,1.0000,124.8750,5,369
28,3180,10,8,0.8000,88.3000,0,285
28,3181,11,11,1.0000,58.5455,10,121
28,3182,8,6,0.7500,49.2500,2,220
28,3183,11,10,0.9091,88.6364,4,266
28,3184,12,11,0.9167,48.1667,2,114
28,3185,7,7,1.0000,138.5714,29,365
28,3186,4,3,0.7500,28.2500,0,51
28,3187,9,9,1.0000,99.5556,15,244
28,3188,7,6,0.8571,129.7143,2,361
28,3189,9,7,0.7778,45.0000,4,112
28,3190,5,5,1.0000,94.6000,27,203
28,3191,9,9,1.0000,92.8889,14,234
28,3192,6,6,1.0000,67.0000,15,105
28,3193,6,5,0.8333,77.3333,4,199
28,3194,6,6,1.0000,150.1667,40,356
28,3196,9,9,1.0000,84.2222,10,217
28,3198,9,6,0.6667,42.2222,2,96
28,3199,5,5,1.0000,82.0000,16,185
28,3200,6,6,1.0000,144.8333,37,352
28,3201,10,10,1.0000,72.9000,6,209
28,3202,6,6,1.0000,41.1667,8,84
28,3203,5,5,1.0000,78.6000,12,181
28,3204,8,8,1.0000,116.3750,28,349
28,3205,9,9,1.0000,76.8889,5,206
28,3206,5,5,1.0000,68.6000,7,160
28,3208,7,5,0.7143,32.2857,1,79
28,3209,6,6,1.0000,97.8333,9,205
28,3210,7,7,1.0000,77.0000,27,201
28,3211,13,12,0.9231,59.4615,1,195
28,3212,10,10,1.0000,105.5000,25,329
28,3213,7,6,0.8571,41.1429,3,79
28,3214,5,4,0.8000,39.8000,1,68
28,3215,6,5,0.8333,88.0000,0,194
28,3216,8,8,1.0000,103.6250,24,319
28,3217,4,4,1.0000,35.2500,26,46
28,3219,9,9,1.0000,110.8889,21,321
28,3220,8,7,0.8750,62.8750,2,149
28,3221,9,9,1.0000,104.5556,20,316
28,3222,11,9,0.8182,62.3636,1,191
28,3223,8,8,1.0000,111.6250,19,309
28,3224,6,6,1.0000,110.5000,38,193
28,3225,9,9,1.0000,80.4444,15,285
28,3227,8,8,1.0000,82.2500,14,271
28,3228,8,8,1.0000,78.3750,15,184
28,3229,8,8,1.0000,66.1250,9,176
28,3230,9,9,1.0000,71.2222,12,258
28,3231,11,10,0.9091,61.2727,0,246
28,3232,7,7,1.0000,68.1429,8,172
28,3233,6,6,1.0000,69.1667,9,170
28,3234,8,8,1.0000,68.2500,8,234
28,3235,6,6,1.0000,64.5000,12,155
28,3236,8,8,1.0000,61.3750,6,219
28,3237,9,9,1.0000,57.2222,6,194
28,3239,8,8,1.0000,54.1250,11,142
28,3240,5,5,1.0000,74.8000,14,173
28,3243,5,5,1.0000,67.6000,12,164
28,3249,6,6,1.0000,47.3333,6,101
28,3251,6,5,0.8333,49.3333,3,140
28,3252,4,4,1.0000,35.5000,6,94
28,3253,6,5,0.8333,26.1667,3,93
28,3254,5,4,0.8000,44.0000,2,97
28,3255,5,4,0.8000,51.2000,3,128
28,3257,5,4,0.8000,44.0000,3,90
28,3258,3,3,1.0000,76.3333,30,128
28,3260,3,3,1.0000,70.3333,28,118
28,3264,3,3,1.0000,63.0000,22,106
30,3312,3,3,1.0000,154.6667,97,255
30,3314,4,4,1.0000,117.0000,6,252
30,3316,6,5,0.8333,95.6667,4,249
30,3317,4,4,1.0000,81.0000,25,128
30,3319,4,4,1.0000,126.2500,66,249
30,3320,3,3,1.0000,116.3333,25,233
30,3321,5,5,1.0000,107.8000,24,233
30,3323,3,3,1.0000,141.0000,89,216
30,3324,3,3,1.0000,134.6667,81,215
30,3326,3,3,1.0000,132.3333,82,212
30,3327,5,4,0.8000,96.6000,0,204
30,3330,4,4,1.0000,114.2500,80,193
30,3333,3,3,1.0000,98.0000,50,186
30,3334,4,4,1.0000,97.7500,44,172
30,3335,4,4,1.0000,95.0000,44,164
30,3336,4,4,1.0000,93.0000,44,161
30,3337,3,3,1.0000,89.0000,41,158
30,3338,5,5,1.0000,78.8000,41,155
30,3339,4,4,1.0000,65.5000,7,143
30,3340,7,6,0.8571,50.4286,0,148
30,3341,3,3,1.0000,88.3333,52,136
30,3346,5,5,1.0000,58.4000,23,126
30,3355,3,3,1.0000,62.0000,29,112
30,3362,4,4,1.0000,43.7500,23,91
30,3363,4,4,1.0000,21.2500,10,27
34,3929,5,5,1.0000,202.4000,107,391
34,3933,3,3,1.0000,136.0000,96,202
34,3935,4,4,1.0000,329.2500,96,925
34,3939,4,4,1.0000,557.5000,70,1599
34,3944,5,5,1.0000,186.8000,81,388
34,3953,4,4,1.0000,221.2500,67,386
34,3954,6,6,1.0000,433.5000,61,1547
34,3957,7,7,1.0000,83.5714,8,176
34,3958,5,5,1.0000,426.2000,56,1520
34,3975,6,6,1.0000,964.8333,44,4018
34,3978,4,4,1.0000,503.2500,31,1509
34,3979,8,7,0.8750,95.6250,2,378
34,3994,4,4,1.0000,191.0000,70,426
34,3995,4,4,1.0000,187.7500,67,423
34,4006,5,5,1.0000,305.6000,34,738
34,4007,5,5,1.0000,298.6000,29,726
34,4009,3,3,1.0000,258.6667,24,723
34,4011,7,7,1.0000,1464.8571,150,5776
34,4012,3,3,1.0000,250.0000,15,714
34,4016,3,3,1.0000,243.6667,9,708
34,4017,5,5,1.0000,152.0000,7,699
34,4020,3,1,0.3333,230.0000,4,682
34,4036,7,7,1.0000,182.1429,10,882
34,4037,10,8,0.8000,264.3000,0,864
34,4038,6,6,1.0000,161.3333,9,860
34,4040,11,11,1.0000,830.3636,21,5899
34,4041,7,6,0.8571,236.1429,4,800
34,4043,9,9,1.0000,431.6667,26,785
34,4044,7,7,1.0000,558.2857,29,1104
34,4045,7,7,1.0000,221.4286,18,479
34,4046,7,7,1.0000,219.2857,16,478
34,4047,6,6,1.0000,561.8333,26,1102
34,4049,5,5,1.0000,1297.2000,14,5846
34,4050,8,8,1.0000,1187.0000,13,5852
34,4051,5,5,1.0000,1429.0000,184,5813
34,4052,7,7,1.0000,597.1429,161,1067
34,4053,6,6,1.0000,441.5000,159,642
34,4055,5,5,1.0000,1589.2000,183,5806
34,4056,6,6,1.0000,1210.0000,150,5797
34,4057,8,8,1.0000,471.7500,8,1006
34,4058,6,6,1.0000,489.8333,152,732
34,4059,7,7,1.0000,1046.4286,147,5764
34,4060,6,6,1.0000,1173.8333,132,5727
34,4061,6,6,1.0000,387.8333,49,716
34,4062,6,6,1.0000,1308.6667,132,5703
34,4063,9,9,1.0000,419.0000,47,970
34,4064,8,8,1.0000,448.1250,44,952
34,4065,7,7,1.0000,1043.2857,126,5694
36,4206,6,6,1.0000,308.1667,82,509
36,4213,7,7,1.0000,283.4286,80,500
36,4219,6,6,1.0000,433.1667,175,783
36,4220,6,6,1.0000,253.8333,25,736
36,4229,9,9,1.0000,425.4444,73,777
36,4233,5,5,1.0000,258.6000,16,732
36,4235,11,11,1.0000,314.0000,66,772
36,4240,6,6,1.0000,234.8333,14,722
36,4241,10,8,0.8000,282.9000,1,765
36,4243,4,4,1.0000,311.0000,154,716
36,4246,6,6,1.0000,439.8333,55,762
36,4251,10,10,1.0000,322.4000,53,761
36,4254,11,11,1.0000,293.0000,50,757
36,4259,3,3,1.0000,347.6667,164,701
36,4260,10,10,1.0000,318.1000,29,754
36,4264,4,4,1.0000,294.7500,144,696
36,4265,14,13,0.9286,277.8571,4,747
36,4268,15,15,1.0000,236.5333,40,745
36,4269,4,4,1.0000,289.5000,141,690
36,4271,5,5,1.0000,255.6000,138,680
36,4273,13,13,1.0000,237.0769,28,745
36,4278,10,10,1.0000,252.6000,27,687
36,4279,5,5,1.0000,252.6000,133,674
36,4280,11,11,1.0000,271.0000,14,737
36,4283,4,4,1.0000,280.5000,141,666
36,4285,12,12,1.0000,295.6667,12,734
36,4287,4,4,1.0000,279.7500,141,664
36,4290,10,10,1.0000,289.5000,50,730
36,4292,5,5,1.0000,245.4000,126,656
36,4293,14,14,1.0000,216.5714,8,724
36,4296,5,5,1.0000,241.2000,120,651
36,4298,10,10,1.0000,271.9000,27,715
36,4303,5,5,1.0000,236.8000,120,646
36,4304,11,11,1.0000,254.2727,23,716
36,4306,10,10,1.0000,262.8000,6,706
36,4307,5,5,1.0000,227.8000,112,638
36,4308,11,11,1.0000,252.9091,22,708
36,4313,5,5,1.0000,222.6000,103,634
36,4314,5,5,1.0000,218.4000,100,626
36,4315,13,12,0.9231,205.6154,3,696
36,4317,6,6,1.0000,186.6667,55,615
36,4318,10,9,0.9000,309.0000,3,693
36,4320,5,5,1.0000,199.4000,85,595
36,4321,5,5,1.0000,209.0000,94,609
36,4324,12,10,0.8333,253.5000,0,681
36,4325,6,6,1.0000,179.0000,49,602
36,4327,9,9,1.0000,266.8889,23,677
36,4329,6,6,1.0000,170.1667,47,590
36,4330,11,10,0.9091,219.5455,0,679
36,4336,5,5,1.0000,178.0000,63,568
36,4338,7,7,1.0000,388.0000,162,663
36,4340,6,6,1.0000,299.3333,58,657
36,4342,5,5,1.0000,174.8000,59,561
36,4343,8,8,1.0000,291.8750,13,653
36,4345,5,5,1.0000,168.2000,54,555
36,4346,6,6,1.0000,283.3333,10,650
36,4348,6,5,0.8333,136.0000,1,549
36,4349,7,7,1.0000,290.5714,29,645
36,4351,5,5,1.0000,158.4000,45,539
36,4352,7,7,1.0000,285.5714,50,639
36,4354,6,6,1.0000,219.8333,50,423
36,4356,4,4,1.0000,183.0000,62,538
36,4357,4,4,1.0000,175.2500,43,533
36,4358,7,7,1.0000,251.2857,23,634
36,4359,4,4,1.0000,176.5000,57,531
36,4360,6,6,1.0000,203.8333,19,413
36,4362,6,6,1.0000,124.6667,5,309
36,4364,6,5,0.8333,119.5000,0,524
36,4365,8,8,1.0000,265.5000,12,629
36,4366,4,3,0.7500,61.7500,4,185
36,4368,5,5,1.0000,139.8000,39,517
36,4369,6,6,1.0000,292.3333,59,620
36,4372,8,8,1.0000,190.3750,15,617
36,4374,5,5,1.0000,263.8000,52,620
36,4376,5,5,1.0000,305.4000,46,616
36,4377,4,4,1.0000,152.2500,35,495
36,4379,5,5,1.0000,126.2000,32,484
36,4381,5,5,1.0000,122.0000,29,476
36,4383,5,5,1.0000,127.0000,12,298
36,4384,5,5,1.0000,117.0000,25,469
36,4387,6,6,1.0000,263.3333,25,606
36,4388,5,5,1.0000,113.8000,25,461
36,4389,3,3,1.0000,164.0000,22,444
36,4390,6,6,1.0000,257.0000,20,602
36,4392,5,5,1.0000,102.6000,14,429
36,4393,6,6,1.0000,252.5000,16,598
36,4396,5,5,1.0000,97.8000,11,419
36,4400,8,7,0.8750,135.5000,1,273
36,4406,5,5,1.0000,92.0000,6,405
36,4407,6,5,0.8333,74.3333,2,394
36,4415,6,4,0.6667,70.5000,1,386
36,4417,5,4,0.8000,264.2000,3,583
36,4418,4,3,0.7500,52.0000,2,116
36,4419,7,7,1.0000,251.4286,8,583
36,4420,4,3,0.7500,100.2500,2,381
36,4421,4,3,0.7500,187.7500,0,582
36,4422,4,2,0.5000,96.0000,1,373
36,4424,5,5,1.0000,72.2000,15,134
36,4426,4,4,1.0000,128.2500,23,356
36,4429,5,5,1.0000,173.6000,12,331
36,4430,4,4,1.0000,207.0000,80,321
36,4431,7,7,1.0000,94.0000,15,217
36,4434,5,4,0.8000,147.4000,0,306
36,4435,8,8,1.0000,209.7500,51,556
36,4436,6,6,1.0000,175.5000,61,299
36,4437,6,6,1.0000,171.8333,59,290
36,4438,6,5,0.8333,124.6667,4,263
36,4439,5,5,1.0000,146.8000,53,261
36,4442,10,9,0.9000,163.2000,0,544
36,4443,7,6,0.8571,128.5714,2,250
36,4445,9,9,1.0000,172.2222,39,541
36,4446,6,6,1.0000,224.3333,37,539
36,4447,7,7,1.0000,129.1429,35,234
36,4448,7,6,0.8571,145.7143,1,536
36,4449,8,7,0.8750,100.3750,0,233
36,4450,4,4,1.0000,121.2500,29,201
36,4452,6,6,1.0000,121.3333,26,230
36,4454,6,5,0.8333,74.3333,0,185
36,4455,8,8,1.0000,114.2500,5,531
36,4456,7,7,1.0000,58.8571,18,182
36,4457,6,6,1.0000,114.8333,17,222
36,4460,6,5,0.8333,62.6667,2,166
36,4464,6,6,1.0000,98.5000,12,213
36,4466,8,8,1.0000,82.1250,9,211
36,4467,8,8,1.0000,78.3750,8,203
13,4593,3,3,1.0000,682.3333,418,840
13,4599,5,5,1.0000,602.4000,63,931
13,4611,3,2,0.6667,534.0000,1,818
13,4615,5,4,0.8000,672.0000,0,1311
13,4618,3,3,1.0000,751.6667,713,804
13,4621,3,3,1.0000,735.0000,682,804
13,4623,3,3,1.0000,710.3333,637,800
13,4624,4,3,0.7500,455.5000,0,795
13,4625,5,4,0.8000,493.0000,0,781
13,4626,4,4,1.0000,610.2500,400,784
13,4633,4,4,1.0000,490.2500,42,773
13,4635,3,3,1.0000,476.0000,43,771
13,4636,4,4,1.0000,481.7500,36,771
13,4637,4,4,1.0000,444.0000,33,764
13,4638,4,4,1.0000,377.7500,30,753
13,4639,5,5,1.0000,440.0000,27,744
13,4641,3,3,1.0000,582.3333,475,724
13,4643,4,4,1.0000,516.7500,363,702
13,4644,5,5,1.0000,342.6000,10,692
13,4648,3,3,1.0000,502.3333,417,616
13,4649,3,2,0.6667,355.3333,0,607
13,4653,3,3,1.0000,732.6667,418,1219
13,4656,3,3,1.0000,684.0000,361,1166
13,4657,3,3,1.0000,672.3333,348,1150
13,4658,3,3,1.0000,641.6667,327,1104
13,4659,4,4,1.0000,551.0000,313,1069
13,4660,3,3,1.0000,602.3333,305,1054
13,4661,3,3,1.0000,591.6667,294,1041
13,4662,3,3,1.0000,578.0000,274,1030
12,4671,5,5,1.0000,453.8000,240,742
12,4672,4,4,1.0000,436.0000,236,735
12,4673,5,5,1.0000,327.4000,146,505
12,4674,5,5,1.0000,425.6000,145,734
12,4675,4,4,1.0000,492.0000,319,730
12,4679,5,5,1.0000,428.2000,230,718
12,4682,6,5,0.8333,352.5000,0,713
12,4683,3,3,1.0000,299.6667,227,372
12,4684,5,5,1.0000,321.4000,18,702
12,4688,8,7,0.8750,278.0000,1,702
12,4690,5,5,1.0000,782.8000,287,2102
12,4691,7,7,1.0000,558.0000,18,2093
12,4692,5,5,1.0000,599.6000,285,1209
12,4693,4,4,1.0000,409.2500,151,684
12,4695,5,5,1.0000,885.6000,279,1792
12,4699,7,7,1.0000,627.5714,87,2094
12,4702,6,6,1.0000,629.3333,117,2094
12,4703,8,8,1.0000,526.5000,118,2091
12,4704,6,6,1.0000,413.5000,10,811
12,4708,4,4,1.0000,960.0000,305,2086
12,4709,9,9,1.0000,413.3333,8,1188
12,4710,6,6,1.0000,667.8333,127,1792
12,4712,6,6,1.0000,392.3333,32,805
12,4713,7,6,0.8571,241.0000,0,803
12,4714,7,7,1.0000,288.0000,28,801
12,4715,7,7,1.0000,297.2857,104,800
12,4717,5,5,1.0000,254.8000,101,595
12,4718,4,4,1.0000,489.7500,160,793
12,4719,5,5,1.0000,302.8000,98,585
12,4720,7,7,1.0000,284.5714,96,784
12,4721,6,6,1.0000,365.1667,95,785
12,4722,8,8,1.0000,545.5000,13,2080
12,4723,6,6,1.0000,328.6667,91,782
12,4724,7,7,1.0000,338.4286,86,769
12,4725,8,8,1.0000,371.2500,108,760
12,4727,7,7,1.0000,236.8571,81,552
12,4728,6,6,1.0000,288.3333,80,593
12,4729,6,5,0.8333,352.5000,4,753
12,4730,11,10,0.9091,448.3636,0,2077
12,4731,19,19,1.0000,508.8947,5,2066
12,4732,10,10,1.0000,559.6000,12,1792
12,4733,5,5,1.0000,311.4000,71,739
12,4734,7,7,1.0000,365.5714,71,729
12,4736,11,10,0.9091,449.4545,0,2074
12,4737,7,7,1.0000,610.2857,90,2072
12,4739,9,9,1.0000,292.6667,8,719
12,4740,5,5,1.0000,413.4000,134,708
12,4741,8,8,1.0000,522.1250,13,2071
12,4742,12,12,1.0000,430.8333,7,1791
12,4744,10,9,0.9000,627.9000,4,2068
12,4745,18,18,1.0000,402.4444,56,1785
12,4746,10,10,1.0000,459.2000,22,2068
12,4747,7,7,1.0000,337.1429,56,677
12,4749,7,7,1.0000,450.4286,114,1138
12,4750,4,4,1.0000,435.0000,110,670
12,4753,5,5,1.0000,419.4000,113,663
12,4754,7,7,1.0000,319.1429,54,660
12,4755,5,5,1.0000,241.6000,59,484
12,4756,6,6,1.0000,297.6667,51,632
12,4758,9,9,1.0000,481.6667,54,2066
12,4759,8,8,1.0000,224.0000,21,643
12,4760,8,8,1.0000,484.2500,47,2061
12,4762,5,5,1.0000,223.0000,80,452
12,4764,8,8,1.0000,391.0000,41,1130
12,4767,6,6,1.0000,442.0000,78,1121
12,4768,6,6,1.0000,474.6667,35,1122
12,4771,11,11,1.0000,152.3636,13,505
12,4773,7,7,1.0000,210.5714,26,484
12,4777,9,9,1.0000,379.7778,19,2045
12,4778,7,7,1.0000,192.8571,12,464
12,4779,10,10,1.0000,312.2000,67,1062
12,4782,9,9,1.0000,394.3333,5,2011
12,4783,12,10,0.8333,243.1667,1,1107
12,4789,7,7,1.0000,218.4286,8,385
12,4790,5,5,1.0000,247.8000,15,442
12,4791,8,6,0.7500,147.5000,0,392
12,4794,6,5,0.8333,372.6667,2,1095
12,4797,4,4,1.0000,550.7500,302,1093
12,4798,8,8,1.0000,287.2500,6,1092
12,4800,5,5,1.0000,617.4000,19,2010
12,4802,6,6,1.0000,411.5000,11,1088
12,4804,6,6,1.0000,535.8333,6,2005
12,4805,6,6,1.0000,228.3333,8,393
12,4808,6,6,1.0000,250.0000,39,379
12,4811,6,5,0.8333,215.3333,4,372
12,4813,7,6,0.8571,610.0000,2,1977
12,4814,7,7,1.0000,635.5714,71,1762
12,4815,7,7,1.0000,377.0000,178,1072
12,4816,5,5,1.0000,687.4000,29,1969
12,4817,3,3,1.0000,1601.3333,1063,1959
12,4818,9,9,1.0000,479.0000,23,1791
12,4819,11,11,1.0000,260.7273,7,1054
12,4821,9,9,1.0000,296.8889,19,1068
12,4822,8,8,1.0000,308.2500,38,1065
12,4824,8,8,1.0000,322.3750,80,1064
12,4828,12,11,0.9167,320.8333,2,1923
12,4829,7,7,1.0000,268.0000,161,519
12,4830,8,8,1.0000,239.5000,75,516
12,4831,7,6,0.8571,170.1429,0,293
12,4832,9,9,1.0000,305.2222,41,1056
12,4836,9,9,1.0000,224.6667,39,514
12,4837,7,7,1.0000,241.5714,38,511
12,4838,8,7,0.8750,702.3750,4,1943
12,4840,10,10,1.0000,347.8000,26,1937
12,4842,8,8,1.0000,203.2500,50,507
12,4844,9,9,1.0000,278.5556,32,1040
12,4847,13,12,0.9231,239.3846,3,1035
12,4849,7,7,1.0000,252.2857,25,1033
12,4850,12,11,0.9167,250.7500,2,1027
12,4851,11,11,1.0000,238.4545,17,1022
12,4854,11,11,1.0000,297.5455,13,1906
12,4857,9,9,1.0000,195.6667,28,492
12,4860,15,15,1.0000,328.9333,14,1893
12,4862,3,3,1.0000,127.0000,97,147
12,4864,6,6,1.0000,303.3333,20,1005
12,4866,6,5,0.8333,295.6667,1,996
12,4868,7,7,1.0000,538.0000,76,1855
12,4872,6,6,1.0000,292.6667,20,982
12,4875,4,4,1.0000,186.0000,68,478
12,4876,3,3,1.0000,111.3333,91,137
12,4878,4,4,1.0000,82.7500,26,131
12,4879,3,3,1.0000,511.3333,94,966
12,4880,6,5,0.8333,60.1667,1,110
12,4883,4,4,1.0000,59.0000,20,103
12,4884,5,5,1.0000,672.2000,62,1787
12,4886,6,6,1.0000,638.0000,61,1782
12,4887,8,8,1.0000,446.6250,16,1778
12,4890,8,8,1.0000,785.3750,53,1806
12,4894,3,3,1.0000,60.0000,38,85
12,4896,3,3,1.0000,59.6667,37,87
12,4897,4,4,1.0000,536.7500,53,955
12,4900,5,5,1.0000,830.4000,53,1797
12,4901,3,3,1.0000,47.0000,25,73
12,4902,6,6,1.0000,450.8333,71,946
12,4906,4,4,1.0000,65.2500,16,178
12,4908,7,6,0.8571,493.7143,0,1756
12,4909,7,7,1.0000,539.8571,48,1751
12,4910,4,4,1.0000,42.5000,16,70
12,4913,4,4,1.0000,36.5000,13,60
12,4917,7,7,1.0000,496.1429,45,1734
12,4919,4,4,1.0000,489.0000,28,1734
12,4920,9,9,1.0000,499.5556,41,1718
12,4922,6,6,1.0000,281.6667,41,640
12,4925,8,8,1.0000,288.3750,13,891
12,4928,6,6,1.0000,415.3333,38,887
12,4929,9,9,1.0000,510.0000,9,1695
12,4932,9,9,1.0000,374.1111,8,1693
12,4933,9,8,0.8889,352.8889,2,1686
12,4934,11,11,1.0000,447.4545,27,1651
12,4937,9,9,1.0000,417.3333,17,1714
12,4939,7,7,1.0000,558.7143,165,1692
12,4940,8,8,1.0000,513.8750,29,1677
12,4941,4,4,1.0000,757.5000,331,1669
12,4945,7,7,1.0000,316.8571,30,599
12,4946,3,3,1.0000,604.6667,28,1665
12,4948,9,9,1.0000,368.7778,27,830
