Project_ID,Sprint_ID,Assignee_ID,prior_task_count
1,5,71,53
1,5,78,17
1,5,82,164
1,5,84,202
1,5,93,198
1,5,104,88
1,5,107,37
1,5,112,84
1,6,72,148
1,6,82,161
1,6,84,200
1,6,93,195
1,6,94,340
1,6,104,90
1,6,107,36
1,6,108,266
1,7,71,49
1,7,72,145
1,7,82,156
1,7,84,199
1,7,91,348
1,7,93,186
1,7,94,334
1,7,103,19
1,7,108,264
1,7,118,6
1,8,78,16
1,8,82,154
1,8,84,197
1,8,89,235
1,8,103,18
1,8,104,85
1,8,107,35
1,8,108,263
1,8,110,120
1,9,82,153
1,9,84,191
1,9,89,234
1,9,91,345
1,9,93,179
1,9,94,332
1,9,104,81
1,9,108,262
1,9,110,119
1,9,118,4
1,10,71,41
1,10,84,188
1,10,91,343
1,10,93,179
1,10,94,330
1,10,104,79
1,10,108,258
1,10,110,119
1,10,117,0
1,10,118,2
1,11,72,144
1,11,84,187
1,11,89,232
1,11,91,338
1,11,94,325
1,11,104,80
1,11,107,32
1,11,108,255
1,11,110,117
1,11,112,74
1,12,71,39
1,12,89,228
1,12,91,332
1,12,93,175
1,12,94,318
1,12,103,17
1,12,104,78
1,12,108,253
1,12,110,112
1,12,112,70
1,13,71,38
1,13,72,140
1,13,89,228
1,13,93,172
1,13,104,74
1,13,108,250
1,13,110,109
1,13,112,69
1,13,118,0
1,14,71,35
1,14,72,139
1,14,82,149
1,14,84,178
1,14,89,218
1,14,91,328
1,14,93,170
1,14,94,316
1,14,104,73
1,14,108,248
1,14,110,107
1,14,112,67
1,15,72,139
1,15,84,178
1,15,89,218
1,15,91,326
